description;Chat with clients in popular apps like Whatsapp without  leaving Kommo;Exchange an unlimited number of messages with your website visitors for free;"Connect personal and team-shared
email addresses";"Create shareable forms that send
submitted data straight to Common";"Add a button for your website that
lets clients connect through any
messenger";"Customize your chat button to react
to a website visitor's actions";Connect apps for calling and texting;"Feed data from Google Sheets to
Common automatically";"Create and fill in lead profiles from
emails automatically";"Create leads by scanning business
cards";"Communicate with clients via email
and popular messengers like
WhatsApp";"Create targeted messaging
campaigns to send through chats like
WhatsApp";"Make personalized template
messages and emails to send to
clients";"Keep a record of every call in the
client's profile";"Connect apps for routing calls to the
right team member";"Collaborate with team members in
direct messages or in lead profiles";"Create tasks for yourself and team
members within client profiles";"Track all your tasks and get reminders
about what's coming next";"Automatically fill in docs with client
information";"Take Common on the road with our
Android and iOS apps";"Exchange an unlimited number of
docs, pics and videos with clients (10
GB limit during trial)";"Create multiple custom lists that you
can use in lead profiles";"Build digital assistants that can chat
with clients and accomplish
workflows";"Create sales bots in an easy-to-use
visual workspace";"Trigger bots with an Al-enhanced
keyword database";"Use suggested replies, conversation
summaries, and our Al prompts to
improve your conversations";"Instantly collect feedback that helps
you gauge how clients feel about your
brand";"Launch messages and emails based
on scheduled- and behavior-based
rules";"Create automations powered by even
more triggers: adding/removing tags
and updating fields";"Trigger workflows based on rules,
such as setting a task when a client is
assigned to a user";"AnAl assistant that engages in live
chats with clients and delivers smart
recommendations using your business
data.";"Create up to 50 board-like views for
tracking where your clients are in the
sales process";"Personalize the names of each stage
in your pipeline";"View whether outgoing chats and
emails have been sent, delivered or
read";View when a link you sent is clicked;"Search in a client's profile for
messages, notes, tasks and more";"Active leads are clients who are in any
of the active (non-closed) stages of a
pipeline";"Contacts are individuals connected
to a client profile";"Create your own fields to customize
client profiles with the info your
business needs";"Require users to fill in important fields
at particular stages in the pipeline";"Get game-changing add-ons for
fields: 2 new field types for global
currencies and catalogs, ability to use
formulas in fields, ability to set field
visibility";"See all your important sales stats and
favorite filters in one customizable
view";"See which chat sources earn you
valuable clients and which waste your
time";"Get a report that helps highlight why
some clients are buying and others
aren't";"Track call activity, set performance
goals for users and forecast future
sales";"Create a formula that helps you
instantly predict any client's likelihood
to buy";"An SSL certificate helps to protect
your sensitive information from being
intercepted by unauthorized parties";"Set how much access to give each
team member";"Group users into teams for team-wide
permission setting, data filtering,
mentions and more";"Control which IP addresses have
access to your account";"Control access to view and edit
certain fields";"Set limits on how many cards or lists
users can view, track your team's
activity, and get notified when limits
are exceeded";"Rest easy, we backup all your data
daily";"Schedule a regular data backup
emailed at the interval of your choice";"Contact the Common team to help with
your account";"Hire a 3rd party expert to set up or
customize your account";Connect your favorite apps to Common;"Build your own integrations and
widgets";Customize Common to fit your business;"Trigger automations based on
webhooks"
title;Messenger apps;Live Chat;Email (2-way sync);Web form builder;Website chat button;Advanced chat button;SMS and Voip integrations;Google Sheets sync;Email parsing;Business card scanner;Omnichannel inbox;Chat broadcasting;Chat & email templates;Call logging & recording;Call routing integrations;Team chat & mentions;Task management;Calendar & reminders;Document generator;Mobile app;Media storage;Create custom lists;Salesbots;No-code bot builder;BotAl power-up;Common All;Net promoter score;Triggered SMS & emails;Add-on trigger pack;Workflow automation;Al agent;Pipelines;Custom pipeline stages;Message/email read status;Link click tracking;Search in lead profiles;Active leads per seat;Contacts & Companies per seat;Custom fields per account;Required fields;Super fields pack;Customizable dashboard;Chat performance tracking;Win-loss analysis;Advanced reports;Lead scoring;SSL certificate;Customizable user permissions;Create user teams;Enable/block IP addresses;Set field permissions;Activity limits;Data backup;Periodic data backup;Phone, email & chat support;5000+ expert partners;100+ integration marketplace;RESTful API;WebSDK;Webhooks
Base ;+;+;+;+;+;-;+;+;+;+;+;-;+;+;+;+;+;+;-;+;Unlimited;-;-;-;-;+;-;-;-;-;+;50;+;+;+;-;2500;12500;100;-;-;+;+;+;-;-;+;+;-;-;-;-;+;-;+;+;+;+;-;-
Advanced;+;+;+;+;+;+;+;+;+;+;+;+;+;+;+;+;+;+;+;+;Unlimited;+;Unlimited;+;-;+;+;+;-;+;+;50;+;+;+;-;5000;25000;200;+;-;+;+;+;-;-;+;+;+;+;-;-;+;-;+;+;+;+;+;+
Enterprise ;+;+;+;+;+;+;+;+;+;+;+;+;+;+;+;+;+;+;+;+;Unlimited;+;Unlimited;+;+;+;+;+;+;+;+;50;+;+;+;+;10000;50000;400;+;+;+;+;+;+;+;+;+;+;+;+;+;+;+;+;+;+;+;+;+